{"cameraMode":{"drawMode":0,"name":"Shaded","section":"Shading Mode"},"sceneLighting":true,"audioPlay":false,"sceneViewState":{"m_AlwaysRefresh":false,"showFog":true,"showSkybox":true,"showFlares":true,"showImageEffects":true,"showParticleSystems":true,"showVisualEffectGraphs":true,"m_FxEnabled":true},"in2DMode":false,"pivot":{"x":1559.995361328125,"y":45.16835403442383,"z":-229.51197814941407},"rotation":{"x":-0.017674989998340608,"y":-0.04348042979836464,"z":-0.0007575097260996699,"w":0.998909592628479},"size":1.2888832092285157,"orthographic":false}