{"cameraMode":{"drawMode":0,"name":"Shaded","section":"Shading Mode"},"sceneLighting":true,"audioPlay":false,"sceneViewState":{"m_AlwaysRefresh":false,"showFog":true,"showSkybox":true,"showFlares":true,"showImageEffects":true,"showParticleSystems":true,"showVisualEffectGraphs":true,"m_FxEnabled":true},"in2DMode":false,"pivot":{"x":-1.6465308666229249,"y":6.036255836486816,"z":-7.396943092346191},"rotation":{"x":-0.25237295031547549,"y":-0.03570926934480667,"z":0.009298439137637616,"w":-0.9669265747070313},"size":0.05318552255630493,"orthographic":false}