{"cameraMode":{"drawMode":0,"name":"Shaded","section":"Shading Mode"},"sceneLighting":true,"audioPlay":false,"sceneViewState":{"m_AlwaysRefresh":false,"showFog":true,"showSkybox":true,"showFlares":true,"showImageEffects":true,"showParticleSystems":true,"showVisualEffectGraphs":true,"m_FxEnabled":true},"in2DMode":false,"pivot":{"x":715.4537963867188,"y":419.787841796875,"z":-854.7125244140625},"rotation":{"x":0.0018080301815643907,"y":0.0015002507716417313,"z":0.000015222836736938916,"w":1.000016689300537},"size":1.0808075666427613,"orthographic":false}