{"cameraMode":{"drawMode":0,"name":"Shaded","section":"Shading Mode"},"sceneLighting":true,"audioPlay":false,"sceneViewState":{"m_AlwaysRefresh":false,"showFog":true,"showSkybox":false,"showFlares":true,"showImageEffects":true,"showParticleSystems":true,"showVisualEffectGraphs":true,"m_FxEnabled":true},"in2DMode":false,"pivot":{"x":0.23994511365890504,"y":0.5796635150909424,"z":0.39755144715309145},"rotation":{"x":-0.09248051047325134,"y":0.12126535922288895,"z":-0.011348400264978409,"w":-0.9882426857948303},"size":1.711310863494873,"orthographic":false}